post_id,comment_id,reply_id,duplicate_post,duplicate_comment,duplicate_reply
2834204920443384430,18029416589114869,,False,False,False
2834204920443384430,18013022657218557,,False,False,False
2834204920443384430,17969777447677304,,False,False,False
2834204920443384430,18097371664359141,,False,False,False
2834204920443384430,18187034608249283,,False,False,False
2834204920443384430,17936899646106846,,False,False,False
2834204920443384430,17911327718498819,,False,False,False
2834204920443384430,17893788509624372,,False,False,False
2834204920443384430,17952601042876458,,False,False,False
2834204920443384430,18157661749222202,17958493396692716,False,False,False
2834204920443384430,17949289486788408,,False,False,False
2834204920443384430,17915149970517619,,False,False,False
2834204920443384430,17943094654896402,,False,False,False
2834204920443384430,17936364197001897,,False,False,False
2834204920443384430,17903677370566130,,False,False,False
2834204920443384430,18013045783396576,,False,False,False
2834204920443384430,18156508648246940,,False,False,False
2834204920443384430,17926920053150437,,False,False,False
2834204920443384430,17948271559813197,,False,False,False
2834204920443384430,17930197622247047,,False,False,False
2834204920443384430,18035210614352696,17911415210391099,False,False,False
2834204920443384430,18033962326356224,,False,False,False
2834204920443384430,17874134828690771,,False,False,False
2834204920443384430,18045737371335234,,False,False,False
2834204920443384430,18013234696402595,,False,False,False
2834204920443384430,17928966896246706,,False,False,False
2834204920443384430,18029416589114869,,False,True,False
2834204920443384430,18013022657218557,,False,True,False
2834204920443384430,17969777447677304,,False,True,False
2834204920443384430,18097371664359141,,False,True,False
2834204920443384430,18187034608249283,,False,True,False
2834204920443384430,17936899646106846,,False,True,False
2834204920443384430,17911327718498819,,False,True,False
2834204920443384430,17893788509624372,,False,True,False
2834204920443384430,17952601042876458,,False,True,False
2834204920443384430,18157661749222202,17958493396692716,False,True,True
2834204920443384430,17949289486788408,,False,True,False
2834204920443384430,17915149970517619,,False,True,False
2834204920443384430,17943094654896402,,False,True,False
2834204920443384430,17936364197001897,,False,True,False
2834204920443384430,17903677370566130,,False,True,False
2834204920443384430,18013045783396576,,False,True,False
2834204920443384430,18156508648246940,,False,True,False
2834204920443384430,17926920053150437,,False,True,False
2834204920443384430,17948271559813197,,False,True,False
2834204920443384430,17930197622247047,,False,True,False
2834204920443384430,18035210614352696,17911415210391099,False,True,True
2834204920443384430,18033962326356224,,False,True,False
2834204920443384430,17874134828690771,,False,True,False
2834204920443384430,18045737371335234,,False,True,False
2834204920443384430,18013234696402595,,False,True,False
2834204920443384430,17928966896246706,,False,True,False
2870599192042028416,,,False,False,False
2869194723794369710,17947532198060223,,False,False,False
2869194723794369710,17923288754320486,,False,False,False
2869194723794369710,17942203918996654,,False,False,False
2869194723794369710,18184453486200436,,False,False,False
2869194723794369710,17982600202535539,,False,False,False
2869194723794369710,17923947482513159,,False,False,False
2869194723794369710,18204886285081520,,False,False,False
2869194723794369710,17947532198060223,,False,True,False
2869194723794369710,17923288754320486,,False,True,False
2869194723794369710,17942203918996654,,False,True,False
2869194723794369710,18184453486200436,,False,True,False
2869194723794369710,17982600202535539,,False,True,False
2869194723794369710,17923947482513159,,False,True,False
2869194723794369710,18204886285081520,,False,True,False
2867592898569858725,18180133240171246,18163311106244226,False,False,False
2867592898569858725,18180133240171246,18163311106244226,False,True,True
2866936052804901134,,,False,False,False
2866157105120864839,17857586390766667,,False,False,False
2866157105120864839,17924650208299533,,False,False,False
2866157105120864839,17930883758337368,,False,False,False
2866157105120864839,17857586390766667,,False,True,False
2866157105120864839,17924650208299533,,False,True,False
2866157105120864839,17930883758337368,,False,True,False
2865636849818320982,,,False,False,False
2864858632362911535,17924060507395146,,False,False,False
2864858632362911535,17945818612904069,,False,False,False
2864858632362911535,17924060507395146,,False,True,False
2864858632362911535,17945818612904069,,False,True,False
2862521939718823371,18171071911208084,,False,False,False
2862521939718823371,18171071911208084,,False,True,False
2861925372879488763,17854593605747931,,False,False,False
2861925372879488763,17936040563278952,,False,False,False
2861925372879488763,17854593605747931,,False,True,False
2861925372879488763,17936040563278952,,False,True,False
2861243896668771290,17992926679444940,,False,False,False
2861243896668771290,18224929942133086,,False,False,False
2861243896668771290,17881382990678482,,False,False,False
2861243896668771290,17897222102627862,17922867671308955,False,False,False
2861243896668771290,17992926679444940,,False,True,False
2861243896668771290,18224929942133086,,False,True,False
2861243896668771290,17881382990678482,,False,True,False
2861243896668771290,17897222102627862,17922867671308955,False,True,True
2860354274413731440,17938030058157132,,False,False,False
2860354274413731440,17975934250577787,,False,False,False
2860354274413731440,17938030058157132,,False,True,False
2860354274413731440,17975934250577787,,False,True,False
2859701414403321643,,,False,False,False
2857717498687601049,17953993384764291,,False,False,False
2857717498687601049,17953993384764291,,False,True,False
2854068555357427587,17947187129116758,17974396834674580,False,False,False
2854068555357427587,17912523362453665,,False,False,False
2854068555357427587,17944688426066805,,False,False,False
2854068555357427587,17972850946604437,,False,False,False
2854068555357427587,18010015243418178,,False,False,False
2854068555357427587,17855515913765646,,False,False,False
2854068555357427587,17921340629425839,,False,False,False
2854068555357427587,17916730964350562,,False,False,False
2854068555357427587,17942369537034868,,False,False,False
2854068555357427587,17918027480519431,,False,False,False
2854068555357427587,17946392569880115,17942350136034992,False,False,False
2854068555357427587,17945632765990953,,False,False,False
2854068555357427587,17934005708237820,,False,False,False
2854068555357427587,18076391308305298,,False,False,False
2854068555357427587,17907952181491054,,False,False,False
2854068555357427587,17949772219906800,,False,False,False
2854068555357427587,17868376088718769,,False,False,False
2854068555357427587,17993410624476167,,False,False,False
2854068555357427587,17964580924664011,,False,False,False
2854068555357427587,17949745765837815,,False,False,False
2854068555357427587,17943618370923746,,False,False,False
2854068555357427587,17925785519235282,,False,False,False
2854068555357427587,18010699405411765,,False,False,False
2854068555357427587,17913143018424841,,False,False,False
2854068555357427587,18167125576235055,,False,False,False
2854068555357427587,17926458704363556,,False,False,False
2854068555357427587,17951602282790067,,False,False,False
2854068555357427587,17889177821597025,,False,False,False
2854068555357427587,18021212854366166,,False,False,False
2854068555357427587,17946661708960252,,False,False,False
2854068555357427587,17907504557590432,,False,False,False
2854068555357427587,17954600032853685,,False,False,False
2854068555357427587,17895545126629195,,False,False,False
2854068555357427587,18142504456248864,,False,False,False
2854068555357427587,17958858355702589,,False,False,False
2854068555357427587,17994490033467520,,False,False,False
2854068555357427587,18021512893389512,,False,False,False
2854068555357427587,18140307727271135,,False,False,False
2854068555357427587,17958437992802073,,False,False,False
2854068555357427587,17932654397270579,,False,False,False
2854068555357427587,18016721896392579,,False,False,False
2854068555357427587,18297377776014294,,False,False,False
2854068555357427587,17880645968676348,,False,False,False
2854068555357427587,18170220385210542,,False,False,False
2854068555357427587,18284436886071044,,False,False,False
2854068555357427587,17959336696753623,,False,False,False
2854068555357427587,17928829931163083,,False,False,False
2854068555357427587,17869193288712498,,False,False,False
2854068555357427587,17938056731147962,,False,False,False
2854068555357427587,17933689202328064,,False,False,False
2854068555357427587,17922431225454445,,False,False,False
2854068555357427587,17963405968677839,,False,False,False
2854068555357427587,18035244559360460,,False,False,False
2854068555357427587,18162111649222565,,False,False,False
2854068555357427587,17947041214952742,,False,False,False
2854068555357427587,17940571313104259,,False,False,False
2854068555357427587,17947622212950441,,False,False,False
2854068555357427587,17933406503220298,,False,False,False
2854068555357427587,17865049793727059,,False,False,False
2854068555357427587,17924506106251997,,False,False,False
2854068555357427587,17973525556586947,,False,False,False
2854068555357427587,17930009795156759,,False,False,False
2854068555357427587,17846454311777156,,False,False,False
2854068555357427587,17975425558565857,,False,False,False
2854068555357427587,17958109759720728,,False,False,False
2854068555357427587,18167498971238785,,False,False,False
2854068555357427587,17985661069504300,,False,False,False
2854068555357427587,17892900428571705,,False,False,False
2854068555357427587,17963534704708987,,False,False,False
2854068555357427587,18029687872372092,,False,False,False
2854068555357427587,17996934886459715,,False,False,False
2854068555357427587,18126109759285235,,False,False,False
2854068555357427587,17925711257344720,,False,False,False
2854068555357427587,18298252261045935,,False,False,False
2854068555357427587,17932169753265165,,False,False,False
2854068555357427587,17941672538084851,,False,False,False
2854068555357427587,18009752938419130,,False,False,False
2854068555357427587,17950517476928309,,False,False,False
2854068555357427587,17947187129116758,17974396834674580,False,True,True
2854068555357427587,17912523362453665,,False,True,False
2854068555357427587,17944688426066805,,False,True,False
2854068555357427587,17972850946604437,,False,True,False
2854068555357427587,18010015243418178,,False,True,False
2854068555357427587,17855515913765646,,False,True,False
2854068555357427587,17921340629425839,,False,True,False
2854068555357427587,17916730964350562,,False,True,False
2854068555357427587,17942369537034868,,False,True,False
2854068555357427587,17918027480519431,,False,True,False
2854068555357427587,17946392569880115,17942350136034992,False,True,True
2854068555357427587,17945632765990953,,False,True,False
2854068555357427587,17934005708237820,,False,True,False
2854068555357427587,18076391308305298,,False,True,False
2854068555357427587,17907952181491054,,False,True,False
2854068555357427587,17949772219906800,,False,True,False
2854068555357427587,17868376088718769,,False,True,False
2854068555357427587,17993410624476167,,False,True,False
2854068555357427587,17964580924664011,,False,True,False
2854068555357427587,17949745765837815,,False,True,False
2854068555357427587,17943618370923746,,False,True,False
2854068555357427587,17925785519235282,,False,True,False
2854068555357427587,18010699405411765,,False,True,False
2854068555357427587,17913143018424841,,False,True,False
2854068555357427587,18167125576235055,,False,True,False
2854068555357427587,17926458704363556,,False,True,False
2854068555357427587,17951602282790067,,False,True,False
2854068555357427587,17889177821597025,,False,True,False
2854068555357427587,18021212854366166,,False,True,False
2854068555357427587,17946661708960252,,False,True,False
2854068555357427587,17907504557590432,,False,True,False
2854068555357427587,17954600032853685,,False,True,False
2854068555357427587,17895545126629195,,False,True,False
2854068555357427587,18142504456248864,,False,True,False
2854068555357427587,17958858355702589,,False,True,False
2854068555357427587,17994490033467520,,False,True,False
2854068555357427587,18021512893389512,,False,True,False
2854068555357427587,18140307727271135,,False,True,False
2854068555357427587,17958437992802073,,False,True,False
2854068555357427587,17932654397270579,,False,True,False
2854068555357427587,18016721896392579,,False,True,False
2854068555357427587,18297377776014294,,False,True,False
2854068555357427587,17880645968676348,,False,True,False
2854068555357427587,18170220385210542,,False,True,False
2854068555357427587,18284436886071044,,False,True,False
2854068555357427587,17959336696753623,,False,True,False
2854068555357427587,17928829931163083,,False,True,False
2854068555357427587,17869193288712498,,False,True,False
2854068555357427587,17938056731147962,,False,True,False
2854068555357427587,17933689202328064,,False,True,False
2854068555357427587,17922431225454445,,False,True,False
2854068555357427587,17963405968677839,,False,True,False
2854068555357427587,18035244559360460,,False,True,False
2854068555357427587,18162111649222565,,False,True,False
2854068555357427587,17947041214952742,,False,True,False
2854068555357427587,17940571313104259,,False,True,False
2854068555357427587,17947622212950441,,False,True,False
2854068555357427587,17933406503220298,,False,True,False
2854068555357427587,17865049793727059,,False,True,False
2854068555357427587,17924506106251997,,False,True,False
2854068555357427587,17973525556586947,,False,True,False
2854068555357427587,17930009795156759,,False,True,False
2854068555357427587,17846454311777156,,False,True,False
2854068555357427587,17975425558565857,,False,True,False
2854068555357427587,17958109759720728,,False,True,False
2854068555357427587,18167498971238785,,False,True,False
2854068555357427587,17985661069504300,,False,True,False
2854068555357427587,17892900428571705,,False,True,False
2854068555357427587,17963534704708987,,False,True,False
2854068555357427587,18029687872372092,,False,True,False
2854068555357427587,17996934886459715,,False,True,False
2854068555357427587,18126109759285235,,False,True,False
2854068555357427587,17925711257344720,,False,True,False
2854068555357427587,18298252261045935,,False,True,False
2854068555357427587,17932169753265165,,False,True,False
2854068555357427587,17941672538084851,,False,True,False
2854068555357427587,18009752938419130,,False,True,False
2854068555357427587,17950517476928309,,False,True,False
2848781995321917581,17973585412582813,,False,False,False
2848781995321917581,17853352580766101,,False,False,False
2848781995321917581,18241461040102343,,False,False,False
2848781995321917581,17953748563873530,,False,False,False
2848781995321917581,17964183640659841,,False,False,False
2848781995321917581,17973585412582813,,False,True,False
2848781995321917581,17853352580766101,,False,True,False
2848781995321917581,18241461040102343,,False,True,False
2848781995321917581,17953748563873530,,False,True,False
2848781995321917581,17964183640659841,,False,True,False
2844556044853796030,17932732472195857,17955655840823359,False,False,False
2844556044853796030,17932732472195857,17955655840823359,False,True,True
2843122969666012515,,,False,False,False
2842963153379214747,17921167184385520,,False,False,False
2842963153379214747,17930299316198601,,False,False,False
2842963153379214747,18219072718132536,,False,False,False
2842963153379214747,17950474426779504,,False,False,False
2842963153379214747,17931930110214005,,False,False,False
2842963153379214747,17939498632975464,,False,False,False
2842963153379214747,17971395520546093,,False,False,False
2842963153379214747,17921167184385520,,False,True,False
2842963153379214747,17930299316198601,,False,True,False
2842963153379214747,18219072718132536,,False,True,False
2842963153379214747,17950474426779504,,False,True,False
2842963153379214747,17931930110214005,,False,True,False
2842963153379214747,17939498632975464,,False,True,False
2842963153379214747,17971395520546093,,False,True,False
2839496390079675937,17953865038835423,,False,False,False
2839496390079675937,17953865038835423,,False,True,False
2839469145214465810,18223745905188675,,False,False,False
2839469145214465810,18223745905188675,,False,True,False
2838212671423192448,18012197326406920,,False,False,False
2838212671423192448,17963319877645574,,False,False,False
2838212671423192448,17935997720018572,,False,False,False
2838212671423192448,17905058414564322,,False,False,False
2838212671423192448,18059032474310810,,False,False,False
2838212671423192448,17893455494628967,,False,False,False
2838212671423192448,18012197326406920,,False,True,False
2838212671423192448,17963319877645574,,False,True,False
2838212671423192448,17935997720018572,,False,True,False
2838212671423192448,17905058414564322,,False,True,False
2838212671423192448,18059032474310810,,False,True,False
2838212671423192448,17893455494628967,,False,True,False
2837336754314083418,18082848166365641,,False,False,False
2837336754314083418,17988085093500795,,False,False,False
2837336754314083418,17962530136656044,,False,False,False
2837336754314083418,17976114109544498,,False,False,False
2837336754314083418,17948746114812066,,False,False,False
2837336754314083418,17929634561109390,,False,False,False
2837336754314083418,17954230408831309,,False,False,False
2837336754314083418,17935869428137500,,False,False,False
2837336754314083418,18017332651380635,,False,False,False
2837336754314083418,17947772848911525,,False,False,False
2837336754314083418,18163323952233358,,False,False,False
2837336754314083418,18227739256190161,,False,False,False
2837336754314083418,17948920303921356,,False,False,False
2837336754314083418,17960185498688030,,False,False,False
2837336754314083418,17941290371014287,,False,False,False
2837336754314083418,17947314331909099,,False,False,False
2837336754314083418,18082848166365641,,False,True,False
2837336754314083418,17988085093500795,,False,True,False
2837336754314083418,17962530136656044,,False,True,False
2837336754314083418,17976114109544498,,False,True,False
2837336754314083418,17948746114812066,,False,True,False
2837336754314083418,17929634561109390,,False,True,False
2837336754314083418,17954230408831309,,False,True,False
2837336754314083418,17935869428137500,,False,True,False
2837336754314083418,18017332651380635,,False,True,False
2837336754314083418,17947772848911525,,False,True,False
2837336754314083418,18163323952233358,,False,True,False
2837336754314083418,18227739256190161,,False,True,False
2837336754314083418,17948920303921356,,False,True,False
2837336754314083418,17960185498688030,,False,True,False
2837336754314083418,17941290371014287,,False,True,False
2837336754314083418,17947314331909099,,False,True,False
2836457200831975119,17955548374808595,,False,False,False
2836457200831975119,17929362092324547,,False,False,False
2836457200831975119,17955548374808595,,False,True,False
2836457200831975119,17929362092324547,,False,True,False
2836406719145513056,,,False,False,False
2835722229477563460,17944544728955785,,False,False,False
2835722229477563460,18138433609254924,,False,False,False
2835722229477563460,17944544728955785,,False,True,False
2835722229477563460,18138433609254924,,False,True,False
2835057633007996181,18030069619362312,,False,False,False
2835057633007996181,17923216799353932,,False,False,False
2835057633007996181,17853204491757169,,False,False,False
2835057633007996181,17974415242514875,,False,False,False
2835057633007996181,17974804477553271,,False,False,False
2835057633007996181,17965007881628531,,False,False,False
2835057633007996181,18030069619362312,,False,True,False
2835057633007996181,17923216799353932,,False,True,False
2835057633007996181,17853204491757169,,False,True,False
2835057633007996181,17974415242514875,,False,True,False
2835057633007996181,17974804477553271,,False,True,False
2835057633007996181,17965007881628531,,False,True,False
2834593370900324280,18136707292257917,,False,False,False
2834593370900324280,18136707292257917,,False,True,False
2834363031384824999,17880207836696718,,False,False,False
2834363031384824999,17941329362050666,,False,False,False
2834363031384824999,17885412317643199,,False,False,False
2834363031384824999,17963183728647236,18233765155107856,False,False,False
2834363031384824999,17963183728647236,17940747602024803,False,False,False
2834363031384824999,17965557586617252,,False,False,False
2834363031384824999,17947210543901592,,False,False,False
2834363031384824999,18110745775304637,,False,False,False
2834363031384824999,18167796151228481,,False,False,False
2834363031384824999,17923854395345150,,False,False,False
2834363031384824999,18134592331257106,,False,False,False
2834363031384824999,17923436750470962,,False,False,False
2834363031384824999,17963113243640643,17968412662609498,False,False,False
2834363031384824999,17963113243640643,18296616595046344,False,False,False
2834363031384824999,17934336830033735,,False,False,False
2834363031384824999,17935380653140587,,False,False,False
2834363031384824999,18209176111150088,,False,False,False
2834363031384824999,17921808215375281,,False,False,False
2834363031384824999,17935339511127449,,False,False,False
2834363031384824999,17960755714674122,,False,False,False
2834363031384824999,17903719970578039,,False,False,False
2834363031384824999,17859609710736400,,False,False,False
2834363031384824999,17992135159461396,,False,False,False
2834363031384824999,17880207836696718,,False,True,False
2834363031384824999,17941329362050666,,False,True,False
2834363031384824999,17885412317643199,,False,True,False
2834363031384824999,17963183728647236,18233765155107856,False,True,True
2834363031384824999,17963183728647236,17940747602024803,False,True,True
2834363031384824999,17965557586617252,,False,True,False
2834363031384824999,17947210543901592,,False,True,False
2834363031384824999,18110745775304637,,False,True,False
2834363031384824999,18167796151228481,,False,True,False
2834363031384824999,17923854395345150,,False,True,False
2834363031384824999,18134592331257106,,False,True,False
2834363031384824999,17923436750470962,,False,True,False
2834363031384824999,17963113243640643,17968412662609498,False,True,True
2834363031384824999,17963113243640643,18296616595046344,False,True,True
2834363031384824999,17934336830033735,,False,True,False
2834363031384824999,17935380653140587,,False,True,False
2834363031384824999,18209176111150088,,False,True,False
2834363031384824999,17921808215375281,,False,True,False
2834363031384824999,17935339511127449,,False,True,False
2834363031384824999,17960755714674122,,False,True,False
2834363031384824999,17903719970578039,,False,True,False
2834363031384824999,17859609710736400,,False,True,False
2834363031384824999,17992135159461396,,False,True,False
2833640263045226077,17933755298312937,,False,False,False
2833640263045226077,18165617314231676,,False,False,False
2833640263045226077,17948044579914014,,False,False,False
2833640263045226077,17938777724082485,,False,False,False
2833640263045226077,17894677739531638,,False,False,False
2833640263045226077,17933755298312937,,False,True,False
2833640263045226077,18165617314231676,,False,True,False
2833640263045226077,17948044579914014,,False,True,False
2833640263045226077,17938777724082485,,False,True,False
2833640263045226077,17894677739531638,,False,True,False
2833194371748326771,18159507898218944,,False,False,False
2833194371748326771,17997039742444249,,False,False,False
2833194371748326771,17971940059565252,,False,False,False
2833194371748326771,18133997221265937,,False,False,False
2833194371748326771,18159507898218944,,False,True,False
2833194371748326771,17997039742444249,,False,True,False
2833194371748326771,17971940059565252,,False,True,False
2833194371748326771,18133997221265937,,False,True,False
2833100974798709813,17942710576989267,,False,False,False
2833100974798709813,18006711769412831,,False,False,False
2833100974798709813,17955324967839010,,False,False,False
2833100974798709813,17929138673251021,,False,False,False
2833100974798709813,17919650582291399,,False,False,False
2833100974798709813,18010215220406609,,False,False,False
2833100974798709813,18000636247441774,,False,False,False
2833100974798709813,17860328351731650,17909312171450646,False,False,False
2833100974798709813,17860328351731650,17889740864572670,False,False,False
2833100974798709813,17924513327498901,,False,False,False
2833100974798709813,18016098322388202,,False,False,False
2833100974798709813,17976291517535952,,False,False,False
2833100974798709813,17918732189422296,18295394518012142,False,False,False
2833100974798709813,17919110006397627,,False,False,False
2833100974798709813,18010019206406087,,False,False,False
2833100974798709813,17965430626621388,,False,False,False
2833100974798709813,17851629857740477,,False,False,False
2833100974798709813,17933180978298725,,False,False,False
2833100974798709813,17953764151723957,,False,False,False
2833100974798709813,17937527053987995,,False,False,False
2833100974798709813,17939907748921422,,False,False,False
2833100974798709813,18296641096029769,,False,False,False
2833100974798709813,17872093808687192,,False,False,False
2833100974798709813,17967163516615123,,False,False,False
2833100974798709813,18198533281082481,,False,False,False
2833100974798709813,17939245774942638,,False,False,False
2833100974798709813,17928546017324068,,False,False,False
2833100974798709813,17939073496943851,,False,False,False
2833100974798709813,17899828211605908,,False,False,False
2833100974798709813,17997449047444325,,False,False,False
2833100974798709813,17974848106502518,,False,False,False
2833100974798709813,18176710120204551,,False,False,False
2833100974798709813,17969731312591612,,False,False,False
2833100974798709813,17955897805780638,,False,False,False
2833100974798709813,17923843568472076,,False,False,False
2833100974798709813,18291521008051069,,False,False,False
2833100974798709813,18309871237048341,,False,False,False
2833100974798709813,17929426661245122,,False,False,False
2833100974798709813,17960238259674436,,False,False,False
2833100974798709813,18207690871144282,,False,False,False
2833100974798709813,18178970626201126,,False,False,False
2833100974798709813,18136120021256561,,False,False,False
2833100974798709813,18293309194016093,,False,False,False
2833100974798709813,17913374396355688,,False,False,False
2833100974798709813,17970900589584154,,False,False,False
2833100974798709813,17957624260742182,,False,False,False
2833100974798709813,17859908042733662,,False,False,False
2833100974798709813,17925382748480316,,False,False,False
2833100974798709813,17949957784885979,,False,False,False
2833100974798709813,17905828832486449,,False,False,False
2833100974798709813,17972508220525194,,False,False,False
2833100974798709813,18294980410062068,,False,False,False
2833100974798709813,17869665830697741,,False,False,False
2833100974798709813,18294496570036398,,False,False,False
2833100974798709813,18296560228038357,,False,False,False
2833100974798709813,17957890840697059,,False,False,False
2833100974798709813,18165425812211160,,False,False,False
2833100974798709813,17902687688591822,,False,False,False
2833100974798709813,17922735608363325,,False,False,False
2833100974798709813,17942710576989267,,False,True,False
2833100974798709813,18006711769412831,,False,True,False
2833100974798709813,17955324967839010,,False,True,False
2833100974798709813,17929138673251021,,False,True,False
2833100974798709813,17919650582291399,,False,True,False
2833100974798709813,18010215220406609,,False,True,False
2833100974798709813,18000636247441774,,False,True,False
2833100974798709813,17860328351731650,17909312171450646,False,True,True
2833100974798709813,17860328351731650,17889740864572670,False,True,True
2833100974798709813,17924513327498901,,False,True,False
2833100974798709813,18016098322388202,,False,True,False
2833100974798709813,17976291517535952,,False,True,False
2833100974798709813,17918732189422296,18295394518012142,False,True,True
2833100974798709813,17919110006397627,,False,True,False
2833100974798709813,18010019206406087,,False,True,False
2833100974798709813,17965430626621388,,False,True,False
2833100974798709813,17851629857740477,,False,True,False
2833100974798709813,17933180978298725,,False,True,False
2833100974798709813,17953764151723957,,False,True,False
2833100974798709813,17937527053987995,,False,True,False
2833100974798709813,17939907748921422,,False,True,False
2833100974798709813,18296641096029769,,False,True,False
2833100974798709813,17872093808687192,,False,True,False
2833100974798709813,17967163516615123,,False,True,False
2833100974798709813,18198533281082481,,False,True,False
2833100974798709813,17939245774942638,,False,True,False
2833100974798709813,17928546017324068,,False,True,False
2833100974798709813,17939073496943851,,False,True,False
2833100974798709813,17899828211605908,,False,True,False
2833100974798709813,17997449047444325,,False,True,False
2833100974798709813,17974848106502518,,False,True,False
2833100974798709813,18176710120204551,,False,True,False
2833100974798709813,17969731312591612,,False,True,False
2833100974798709813,17955897805780638,,False,True,False
2833100974798709813,17923843568472076,,False,True,False
2833100974798709813,18291521008051069,,False,True,False
2833100974798709813,18309871237048341,,False,True,False
2833100974798709813,17929426661245122,,False,True,False
2833100974798709813,17960238259674436,,False,True,False
2833100974798709813,18207690871144282,,False,True,False
2833100974798709813,18178970626201126,,False,True,False
2833100974798709813,18136120021256561,,False,True,False
2833100974798709813,18293309194016093,,False,True,False
2833100974798709813,17913374396355688,,False,True,False
2833100974798709813,17970900589584154,,False,True,False
2833100974798709813,17957624260742182,,False,True,False
2833100974798709813,17859908042733662,,False,True,False
2833100974798709813,17925382748480316,,False,True,False
2833100974798709813,17949957784885979,,False,True,False
2833100974798709813,17905828832486449,,False,True,False
2833100974798709813,17972508220525194,,False,True,False
2833100974798709813,18294980410062068,,False,True,False
2833100974798709813,17869665830697741,,False,True,False
2833100974798709813,18294496570036398,,False,True,False
2833100974798709813,18296560228038357,,False,True,False
2833100974798709813,17957890840697059,,False,True,False
2833100974798709813,18165425812211160,,False,True,False
2833100974798709813,17902687688591822,,False,True,False
2833100974798709813,17922735608363325,,False,True,False
2831348533568889288,,,False,False,False
2831288300947437437,18226542400139276,,False,False,False
2831288300947437437,18036866500343851,,False,False,False
2831288300947437437,17949617494761854,,False,False,False
2831288300947437437,17957378143693132,,False,False,False
2831288300947437437,18007140028390999,,False,False,False
2831288300947437437,18226542400139276,,False,True,False
2831288300947437437,18036866500343851,,False,True,False
2831288300947437437,17949617494761854,,False,True,False
2831288300947437437,17957378143693132,,False,True,False
2831288300947437437,18007140028390999,,False,True,False
2830000698726351993,18001856896427186,,False,False,False
2830000698726351993,17979393295482122,,False,False,False
2830000698726351993,18001856896427186,,False,True,False
2830000698726351993,17979393295482122,,False,True,False
2829483959246647889,,,False,False,False
2829450548941496361,,,False,False,False
2829304547844908906,17881700007122200,,False,False,False
2829304547844908906,17881700007122200,,False,True,False
2829206390310130980,18173820754170427,,False,False,False
2829206390310130980,17901497618593118,,False,False,False
2829206390310130980,18173820754170427,,False,True,False
2829206390310130980,17901497618593118,,False,True,False
2828693332793757549,,,False,False,False
2828085365946028064,17848848305761867,,False,False,False
2828085365946028064,17929416434279194,,False,False,False
2828085365946028064,17918747813458516,,False,False,False
2828085365946028064,18191977849166427,,False,False,False
2828085365946028064,17848848305761867,,False,True,False
2828085365946028064,17929416434279194,,False,True,False
2828085365946028064,17918747813458516,,False,True,False
2828085365946028064,18191977849166427,,False,True,False
2827982221685766051,,,False,False,False
2827906077737113740,17922110174242244,,False,False,False
2827906077737113740,18038303170340066,,False,False,False
2827906077737113740,17922110174242244,,False,True,False
2827906077737113740,18038303170340066,,False,True,False
2827197803821630758,17910003419401248,,False,False,False
2827197803821630758,17928817127207349,,False,False,False
2827197803821630758,17945994226926530,,False,False,False
2827197803821630758,17910003419401248,,False,True,False
2827197803821630758,17928817127207349,,False,True,False
2827197803821630758,17945994226926530,,False,True,False
2826603458079145193,,,False,False,False
2825901729318452372,18134171923259182,,False,False,False
2825901729318452372,17916901850434065,,False,False,False
2825901729318452372,18135470113260495,,False,False,False
2825901729318452372,18134171923259182,,False,True,False
2825901729318452372,17916901850434065,,False,True,False
2825901729318452372,18135470113260495,,False,True,False
2825878839281992278,18229722280117408,,False,False,False
2825878839281992278,18229722280117408,,False,True,False
2825166436017751104,,,False,False,False
2824892323218967016,,,False,False,False
2824302812617323995,,,False,False,False
2823640415070127058,17995697525004571,,False,False,False
2823640415070127058,17862560681714046,,False,False,False
2823640415070127058,17916745877403304,,False,False,False
2823640415070127058,17995697525004571,,False,True,False
2823640415070127058,17862560681714046,,False,True,False
2823640415070127058,17916745877403304,,False,True,False
2823544149434795493,17918532332461315,,False,False,False
2823544149434795493,17918532332461315,,False,True,False
2822998992599786600,18058549255308793,,False,False,False
2822998992599786600,18058549255308793,,False,True,False
2822108258443038785,17868675803699451,,False,False,False
2822108258443038785,18226935184136140,,False,False,False
2822108258443038785,18009974428402399,,False,False,False
2822108258443038785,17936803748091822,,False,False,False
2822108258443038785,17946398887798873,,False,False,False
2822108258443038785,17932605299151535,,False,False,False
2822108258443038785,17957633023681920,,False,False,False
2822108258443038785,17973086962526547,,False,False,False
2822108258443038785,17959268239661690,,False,False,False
2822108258443038785,17868675803699451,,False,True,False
2822108258443038785,18226935184136140,,False,True,False
2822108258443038785,18009974428402399,,False,True,False
2822108258443038785,17936803748091822,,False,True,False
2822108258443038785,17946398887798873,,False,True,False
2822108258443038785,17932605299151535,,False,True,False
2822108258443038785,17957633023681920,,False,True,False
2822108258443038785,17973086962526547,,False,True,False
2822108258443038785,17959268239661690,,False,True,False
2821378675737463757,,,False,False,False
2820747162763192005,,,False,False,False
2819746527549031189,,,False,False,False
2819211997058556373,,,False,False,False
2818533739161871653,,,False,False,False
2817947935309856455,17914604240511583,,False,False,False
2817947935309856455,17891058527621889,,False,False,False
2817947935309856455,17957583838670526,,False,False,False
2817947935309856455,18289100245013925,,False,False,False
2817947935309856455,18035679478342289,,False,False,False
2817947935309856455,17914604240511583,,False,True,False
2817947935309856455,17891058527621889,,False,True,False
2817947935309856455,17957583838670526,,False,True,False
2817947935309856455,18289100245013925,,False,True,False
2817947935309856455,18035679478342289,,False,True,False
2817235617332825862,18295118320040625,,False,False,False
2817235617332825862,17951797498794248,,False,False,False
2817235617332825862,18295118320040625,,False,True,False
2817235617332825862,17951797498794248,,False,True,False
2816966457251860980,,,False,False,False
2816942683181820177,17967538816538384,,False,False,False
2816942683181820177,17951623012793740,,False,False,False
2816942683181820177,17967538816538384,,False,True,False
2816942683181820177,17951623012793740,,False,True,False
2816250278292026349,17880632429648680,,False,False,False
2816250278292026349,17880632429648680,,False,True,False
2816209846350776956,,,False,False,False
2815721030208770513,17962996567623826,,False,False,False
2815721030208770513,17902390592540619,,False,False,False
2815721030208770513,17940851470955998,,False,False,False
2815721030208770513,17962996567623826,,False,True,False
2815721030208770513,17902390592540619,,False,True,False
2815721030208770513,17940851470955998,,False,True,False
2815616061224948198,17886958049573513,,False,False,False
2815616061224948198,17907902597395628,,False,False,False
2815616061224948198,17886958049573513,,False,True,False
2815616061224948198,17907902597395628,,False,True,False
2815440099694758644,,,False,False,False
2814886420411460526,18224607991190323,,False,False,False
2814886420411460526,18224607991190323,,False,True,False
2814190238416570187,17997634540434291,,False,False,False
2814190238416570187,17994299284446017,,False,False,False
2814190238416570187,17853308441741537,,False,False,False
2814190238416570187,17908462898382904,,False,False,False
2814190238416570187,17978685514472932,,False,False,False
2814190238416570187,17926291598323971,,False,False,False
2814190238416570187,17951489845768820,,False,False,False
2814190238416570187,18009561748399622,,False,False,False
2814190238416570187,17887204682628318,,False,False,False
2814190238416570187,17986753663474974,,False,False,False
2814190238416570187,18044433148323275,,False,False,False
2814190238416570187,18265696582074794,,False,False,False
2814190238416570187,17947122880754896,,False,False,False
2814190238416570187,18040214137332112,,False,False,False
2814190238416570187,17945333956791140,,False,False,False
2814190238416570187,18173629912207144,,False,False,False
2814190238416570187,18288589201023868,,False,False,False
2814190238416570187,17917466657461422,,False,False,False
2814190238416570187,17899269206580239,,False,False,False
2814190238416570187,17955325963735436,,False,False,False
2814190238416570187,17951558521808821,,False,False,False
2814190238416570187,18291938341047241,,False,False,False
2814190238416570187,17923455836155415,,False,False,False
2814190238416570187,17906478038424065,,False,False,False
2814190238416570187,17997634540434291,,False,True,False
2814190238416570187,17994299284446017,,False,True,False
2814190238416570187,17853308441741537,,False,True,False
2814190238416570187,17908462898382904,,False,True,False
2814190238416570187,17978685514472932,,False,True,False
2814190238416570187,17926291598323971,,False,True,False
2814190238416570187,17951489845768820,,False,True,False
2814190238416570187,18009561748399622,,False,True,False
2814190238416570187,17887204682628318,,False,True,False
2814190238416570187,17986753663474974,,False,True,False
2814190238416570187,18044433148323275,,False,True,False
2814190238416570187,18265696582074794,,False,True,False
2814190238416570187,17947122880754896,,False,True,False
2814190238416570187,18040214137332112,,False,True,False
2814190238416570187,17945333956791140,,False,True,False
2814190238416570187,18173629912207144,,False,True,False
2814190238416570187,18288589201023868,,False,True,False
2814190238416570187,17917466657461422,,False,True,False
2814190238416570187,17899269206580239,,False,True,False
2814190238416570187,17955325963735436,,False,True,False
2814190238416570187,17951558521808821,,False,True,False
2814190238416570187,18291938341047241,,False,True,False
2814190238416570187,17923455836155415,,False,True,False
2814190238416570187,17906478038424065,,False,True,False
2814075742884731799,17943342277830917,,False,False,False
2814075742884731799,17943342277830917,,False,True,False
2813565321421567970,,,False,False,False
2813300829207080326,,,False,False,False
2812758642660513646,,,False,False,False
2812054417349718342,18291690445040957,17943433681902381,False,False,False
2812054417349718342,18291690445040957,17940173872970468,False,False,False
2812054417349718342,18291690445040957,18196787689080625,False,False,False
2812054417349718342,18291690445040957,17936722646076732,False,False,False
2812054417349718342,18035334988341153,17937006125020828,False,False,False
2812054417349718342,17918121389371962,,False,False,False
2812054417349718342,17950262683799862,,False,False,False
2812054417349718342,17919625970365757,,False,False,False
2812054417349718342,17908316639383411,,False,False,False
2812054417349718342,17931309815147005,,False,False,False
2812054417349718342,17862750401674292,,False,False,False
2812054417349718342,17896267160605284,,False,False,False
2812054417349718342,17953100629741677,,False,False,False
2812054417349718342,17968804645568727,17849001359749998,False,False,False
2812054417349718342,18291690445040957,17943433681902381,False,True,True
2812054417349718342,18291690445040957,17940173872970468,False,True,True
2812054417349718342,18291690445040957,18196787689080625,False,True,True
2812054417349718342,18291690445040957,17936722646076732,False,True,True
2812054417349718342,18035334988341153,17937006125020828,False,True,True
2812054417349718342,17918121389371962,,False,True,False
2812054417349718342,17950262683799862,,False,True,False
2812054417349718342,17919625970365757,,False,True,False
2812054417349718342,17908316639383411,,False,True,False
2812054417349718342,17931309815147005,,False,True,False
2812054417349718342,17862750401674292,,False,True,False
2812054417349718342,17896267160605284,,False,True,False
2812054417349718342,17953100629741677,,False,True,False
2812054417349718342,17968804645568727,17849001359749998,False,True,True
2811994330690220085,17905457750455439,,False,False,False
2811994330690220085,17905457750455439,,False,True,False
2811357327145457521,18211612207121585,,False,False,False
2811357327145457521,18211612207121585,,False,True,False
2811311863397781647,17936425469028287,,False,False,False
2811311863397781647,17910384995518519,17904690320463582,False,False,False
2811311863397781647,17936425469028287,,False,True,False
2811311863397781647,17910384995518519,17904690320463582,False,True,True
2810455258645493105,,,False,False,False
2810318293774296401,17903420849469386,18230885191104868,False,False,False
2810318293774296401,17903420849469386,17910651971517160,False,False,False
2810318293774296401,17998071205429633,,False,False,False
2810318293774296401,17903420849469386,18230885191104868,False,True,True
2810318293774296401,17903420849469386,17910651971517160,False,True,True
2810318293774296401,17998071205429633,,False,True,False
2809972262024842647,17937258572076118,,False,False,False
2809972262024842647,17937258572076118,,False,True,False
2809714843092892277,,,False,False,False
2807735020455846629,17914012061434613,,False,False,False
2807735020455846629,17923300172500183,17986514515440766,False,False,False
2807735020455846629,17923300172500183,17915943542382182,False,False,False
2807735020455846629,17914012061434613,,False,True,False
2807735020455846629,17923300172500183,17986514515440766,False,True,True
2807735020455846629,17923300172500183,17915943542382182,False,True,True
2806777468771524975,,,False,False,False
2806695086114528433,,,False,False,False
2806146748411644833,18230799562102199,,False,False,False
2806146748411644833,18293488597048638,,False,False,False
2806146748411644833,17906990387521950,17935583498060080,False,False,False
2806146748411644833,17891235926613869,,False,False,False
2806146748411644833,18230799562102199,,False,True,False
2806146748411644833,18293488597048638,,False,True,False
2806146748411644833,17906990387521950,17935583498060080,False,True,True
2806146748411644833,17891235926613869,,False,True,False
2806134052058188654,,,False,False,False
2805997926209340234,17950953775757948,,False,False,False
2805997926209340234,17943152068918576,,False,False,False
2805997926209340234,17931423773113810,,False,False,False
2805997926209340234,17940308251864009,,False,False,False
2805997926209340234,17932982375084753,,False,False,False
2805997926209340234,17950953775757948,,False,True,False
2805997926209340234,17943152068918576,,False,True,False
2805997926209340234,17931423773113810,,False,True,False
2805997926209340234,17940308251864009,,False,True,False
2805997926209340234,17932982375084753,,False,True,False
2804749007684517140,17921893247153015,,False,False,False
2804749007684517140,17921893247153015,,False,True,False
2804727903591053896,,,False,False,False
2804534796660813298,17971393696544629,,False,False,False
2804534796660813298,18210849307130154,,False,False,False
2804534796660813298,18122536462302157,,False,False,False
2804534796660813298,17951127193783805,,False,False,False
2804534796660813298,17931248675122305,,False,False,False
2804534796660813298,18154723015241960,,False,False,False
2804534796660813298,17912483546452593,,False,False,False
2804534796660813298,17971393696544629,,False,True,False
2804534796660813298,18210849307130154,,False,True,False
2804534796660813298,18122536462302157,,False,True,False
2804534796660813298,17951127193783805,,False,True,False
2804534796660813298,17931248675122305,,False,True,False
2804534796660813298,18154723015241960,,False,True,False
2804534796660813298,17912483546452593,,False,True,False
2804135165187696417,,,False,False,False
2803313001844852286,17945669785868875,,False,False,False
2803313001844852286,17853571706732631,,False,False,False
2803313001844852286,17918445785497325,,False,False,False
2803313001844852286,17945669785868875,,False,True,False
2803313001844852286,17853571706732631,,False,True,False
2803313001844852286,17918445785497325,,False,True,False
2803230594181409568,,,False,False,False
2802517594202125664,17912719958315817,,False,False,False
2802517594202125664,17911989704455013,17952456082695526,False,False,False
2802517594202125664,17912719958315817,,False,True,False
2802517594202125664,17911989704455013,17952456082695526,False,True,True
2801956947265516490,17909080898517331,,False,False,False
2801956947265516490,17955178375665067,,False,False,False
2801956947265516490,17909080898517331,,False,True,False
2801956947265516490,17955178375665067,,False,True,False
2801802456604067696,,,False,False,False
2801227328472123729,17926791617179770,,False,False,False
2801227328472123729,17898399491496428,17926664543070583,False,False,False
2801227328472123729,17908326611362628,17934300620024192,False,False,False
2801227328472123729,18012564028376672,,False,False,False
2801227328472123729,17926791617179770,,False,True,False
2801227328472123729,17898399491496428,17926664543070583,False,True,True
2801227328472123729,17908326611362628,17934300620024192,False,True,True
2801227328472123729,18012564028376672,,False,True,False
2801079448570654850,17945869660870012,,False,False,False
2801079448570654850,17930811089113777,,False,False,False
2801079448570654850,17917686113500333,,False,False,False
2801079448570654850,17942142127815984,,False,False,False
2801079448570654850,17946679159891711,,False,False,False
2801079448570654850,17928189794170393,,False,False,False
2801079448570654850,17922061979332389,,False,False,False
2801079448570654850,18200903014153318,,False,False,False
2801079448570654850,18230825965097254,,False,False,False
2801079448570654850,18222939448119135,,False,False,False
2801079448570654850,17945869660870012,,False,True,False
2801079448570654850,17930811089113777,,False,True,False
2801079448570654850,17917686113500333,,False,True,False
2801079448570654850,17942142127815984,,False,True,False
2801079448570654850,17946679159891711,,False,True,False
2801079448570654850,17928189794170393,,False,True,False
2801079448570654850,17922061979332389,,False,True,False
2801079448570654850,18200903014153318,,False,True,False
2801079448570654850,18230825965097254,,False,True,False
2801079448570654850,18222939448119135,,False,True,False
2800446474107926601,,,False,False,False
2800362016528673075,,,False,False,False
2800211955253743121,,,False,False,False
2799758886902281295,,,False,False,False
2799587095902929426,17938404244966384,,False,False,False
2799587095902929426,17883059345632130,,False,False,False
2799587095902929426,17938404244966384,,False,True,False
2799587095902929426,17883059345632130,,False,True,False
2799021355674198559,17951238076681416,,False,False,False
2799021355674198559,17899457321536936,,False,False,False
2799021355674198559,17945609578851356,,False,False,False
2799021355674198559,17951238076681416,,False,True,False
2799021355674198559,17899457321536936,,False,True,False
2799021355674198559,17945609578851356,,False,True,False
2798995462709009791,,,False,False,False
2796913860403061091,,,False,False,False
2796868577598158486,,,False,False,False
2795975112899426459,,,False,False,False
2795149080083326437,,,False,False,False
2794681837655191603,17971950652483368,,False,False,False
2794681837655191603,17971950652483368,,False,True,False
2794472882084850758,,,False,False,False
2794050330502087540,,,False,False,False
2793798469156894636,,,False,False,False
2793708392963898169,17974431082504203,,False,False,False
2793708392963898169,17974431082504203,,False,True,False
2791118875173978953,17913411185508408,,False,False,False
2791118875173978953,17913411185508408,,False,True,False
2790901377921067695,,,False,False,False
2790764996292810251,,,False,False,False
2790099988152174087,,,False,False,False
2788785182019187734,,,False,False,False
2788180200643578633,,,False,False,False
2787993166150777025,,,False,False,False
2787476060720205902,18003113191957168,,False,False,False
2787476060720205902,17896530443582182,18275405944069967,False,False,False
2787476060720205902,17896530443582182,17951857873698014,False,False,False
2787476060720205902,17932839589907383,,False,False,False
2787476060720205902,17940128470824569,18117993082272110,False,False,False
2787476060720205902,17934791198000827,,False,False,False
2787476060720205902,18006205783373554,,False,False,False
2787476060720205902,17935053550996084,,False,False,False
2787476060720205902,17925398474053791,,False,False,False
2787476060720205902,17899229678483266,,False,False,False
2787476060720205902,17909957300404760,,False,False,False
2787476060720205902,18027443989348867,,False,False,False
2787476060720205902,17938474903935278,,False,False,False
2787476060720205902,18216723043136863,,False,False,False
2787476060720205902,17844540791743326,,False,False,False
2787476060720205902,18003113191957168,,False,True,False
2787476060720205902,17896530443582182,18275405944069967,False,True,True
2787476060720205902,17896530443582182,17951857873698014,False,True,True
2787476060720205902,17932839589907383,,False,True,False
2787476060720205902,17940128470824569,18117993082272110,False,True,True
2787476060720205902,17934791198000827,,False,True,False
2787476060720205902,18006205783373554,,False,True,False
2787476060720205902,17935053550996084,,False,True,False
2787476060720205902,17925398474053791,,False,True,False
2787476060720205902,17899229678483266,,False,True,False
2787476060720205902,17909957300404760,,False,True,False
2787476060720205902,18027443989348867,,False,True,False
2787476060720205902,17938474903935278,,False,True,False
2787476060720205902,18216723043136863,,False,True,False
2787476060720205902,17844540791743326,,False,True,False
2785845992352660641,,,False,False,False
2785389946349814130,,,False,False,False
2785224405467289790,,,False,False,False
2783889466708747045,,,False,False,False
2782981925355313122,17912765693506768,,False,False,False
2782981925355313122,17912765693506768,,False,True,False
2782856572607583262,,,False,False,False
2782851225943726107,,,False,False,False
2782339731619520560,18199737907148925,,False,False,False
2782339731619520560,17954353402650277,,False,False,False
2782339731619520560,18126811081266394,,False,False,False
2782339731619520560,18113974063284719,,False,False,False
2782339731619520560,18199737907148925,,False,True,False
2782339731619520560,17954353402650277,,False,True,False
2782339731619520560,18126811081266394,,False,True,False
2782339731619520560,18113974063284719,,False,True,False
2780989800405150808,18282741769004500,,False,False,False
2780989800405150808,17866469024633667,,False,False,False
2780989800405150808,18126677395269327,,False,False,False
2780989800405150808,17911786691286080,,False,False,False
2780989800405150808,17911831757285736,,False,False,False
2780989800405150808,18282741769004500,,False,True,False
2780989800405150808,17866469024633667,,False,True,False
2780989800405150808,18126677395269327,,False,True,False
2780989800405150808,17911786691286080,,False,True,False
2780989800405150808,17911831757285736,,False,True,False
2780088730854101029,17911824506377191,,False,False,False
2780088730854101029,18156926050211158,,False,False,False
2780088730854101029,18289606288016020,,False,False,False
2780088730854101029,17945513218809683,,False,False,False
2780088730854101029,18134277505247245,,False,False,False
2780088730854101029,17916326741189198,,False,False,False
2780088730854101029,18268203652069246,,False,False,False
2780088730854101029,17911824506377191,,False,True,False
2780088730854101029,18156926050211158,,False,True,False
2780088730854101029,18289606288016020,,False,True,False
2780088730854101029,17945513218809683,,False,True,False
2780088730854101029,18134277505247245,,False,True,False
2780088730854101029,17916326741189198,,False,True,False
2780088730854101029,18268203652069246,,False,True,False
2776323707535243821,17939364019803205,,False,False,False
2776323707535243821,17938790764814382,,False,False,False
2776323707535243821,17934367807959455,,False,False,False
2776323707535243821,17965960525555344,,False,False,False
2776323707535243821,18126003724257404,,False,False,False
2776323707535243821,17935980463941270,,False,False,False
2776323707535243821,17914723934489377,,False,False,False
2776323707535243821,17939364019803205,,False,True,False
2776323707535243821,17938790764814382,,False,True,False
2776323707535243821,17934367807959455,,False,True,False
2776323707535243821,17965960525555344,,False,True,False
2776323707535243821,18126003724257404,,False,True,False
2776323707535243821,17935980463941270,,False,True,False
2776323707535243821,17914723934489377,,False,True,False
2775129684053184836,,,False,False,False
2774491494678153436,,,False,False,False
2773780902430561012,18227458576097439,,False,False,False
2773780902430561012,18227458576097439,,False,True,False
2773641161206794092,,,False,False,False
2770620547105729963,17935053610938751,,False,False,False
2770620547105729963,17935053610938751,,False,True,False
2769040764861307784,,,False,False,False
2768580030708817840,18255488695072417,,False,False,False
2768580030708817840,17926927979100389,,False,False,False
2768580030708817840,17918834591245664,,False,False,False
2768580030708817840,18255488695072417,,False,True,False
2768580030708817840,17926927979100389,,False,True,False
2768580030708817840,17918834591245664,,False,True,False
2768542616585904593,18188320618087401,,False,False,False
2768542616585904593,18188320618087401,,False,True,False
2768476533338406095,,,False,False,False
2766289822806051465,17959476868569935,,False,False,False
2766289822806051465,17959476868569935,,False,True,False
2764279536586703153,,,False,False,False
